NAME,deprived rate,ward_code
City of London,0.401711143,E09000001
Abbey,0.58630137,E05014053
Alibon,0.610645933,E05014054
Barking Riverside,0.529568303,E05014055
Beam,0.608872458,E05014056
Becontree,0.634910277,E05014057
Chadwell Heath,0.633277801,E05014058
Eastbrook & Rush Green,0.588235294,E05014059
Eastbury,0.659292035,E05014060
Gascoigne,0.603892688,E05014061
Goresbrook,0.666171792,E05014062
Heath,0.62556801,E05014063
Longbridge,0.578723404,E05014064
Mayesbrook,0.640771247,E05014065
Northbury,0.639381537,E05014066
Parsloes,0.669055252,E05014067
Thames View,0.643088553,E05014068
Valence,0.656879678,E05014069
Village,0.643091745,E05014070
Whalebone,0.54877785,E05014071
Barnet Vale,0.474182324,E05013628
Brunswick Park,0.484848485,E05013629
Burnt Oak,0.656463515,E05013630
Childs Hill,0.507325082,E05013631
Colindale North,0.620126334,E05013632
Colindale South,0.493058364,E05013633
Cricklewood,0.605092232,E05013634
East Barnet,0.484744306,E05013635
East Finchley,0.510747939,E05013636
Edgware,0.482351287,E05013637
Edgwarebury,0.515262515,E05013638
Finchley Church End,0.470386039,E05013639
Friern Barnet,0.507858284,E05013640
Garden Suburb,0.360753221,E05013641
Golders Green,0.536599535,E05013642
Hendon,0.549232814,E05013643
High Barnet,0.454620462,E05013644
Mill Hill,0.462236099,E05013645
Totteridge & Woodside,0.380353982,E05013646
Underhill,0.519575177,E05013647
West Finchley,0.481965094,E05013648
West Hendon,0.579656294,E05013649
Whetstone,0.438123984,E05013650
Woodhouse,0.523494729,E05013651
Barnehurst,0.511659497,E05011217
Belvedere,0.548544407,E05011218
Bexleyheath,0.505061517,E05011219
Blackfen & Lamorbey,0.462710505,E05011220
Blendon & Penhill,0.461834617,E05011221
Crayford,0.530841121,E05011222
Crook Log,0.469854133,E05011223
East Wickham,0.522331064,E05011224
Erith,0.551648788,E05011225
Falconwood & Welling,0.482580645,E05011226
Longlands,0.461355529,E05011227
Northumberland Heath,0.552039555,E05011228
St Mary's & St James,0.473744292,E05011229
Sidcup,0.516788539,E05011230
Slade Green & Northend,0.598648078,E05011231
Thamesmead East,0.62394958,E05011232
West Heath,0.488121689,E05011233
Alperton,0.63253012,E05013496
Barnhill,0.584419037,E05013497
Brondesbury Park,0.536960802,E05013498
Cricklewood & Mapesbury,0.594197771,E05013499
Dollis Hill,0.658290763,E05013500
Harlesden & Kensal Green,0.645615346,E05013501
Kenton,0.557715887,E05013502
Kilburn,0.571054698,E05013503
Kingsbury,0.56430994,E05013504
Northwick Park,0.529147982,E05013505
Preston,0.572385368,E05013506
Queens Park,0.484091882,E05013507
Queensbury,0.559309167,E05013508
Roundwood,0.681417348,E05013509
Stonebridge,0.694159978,E05013510
Sudbury,0.623373606,E05013511
Tokyngton,0.624378109,E05013512
Welsh Harp,0.632253822,E05013513
Wembley Central,0.680234913,E05013514
Wembley Hill,0.628924236,E05013515
Wembley Park,0.406470807,E05013516
Willesden Green,0.602120974,E05013517
Beckenham Town & Copers Cope,0.409321175,E05013987
Bickley & Sundridge,0.398523471,E05013988
Biggin Hill,0.475034674,E05013989
Bromley Common & Holwood,0.460627359,E05013990
Bromley Town,0.410639223,E05013991
Chelsfield,0.427489419,E05013992
Chislehurst,0.400863447,E05013993
Clock House,0.420453004,E05013994
Crystal Palace & Anerley,0.49991245,E05013995
Darwin,0.467490842,E05013996
Farnborough & Crofton,0.452551666,E05013997
Hayes & Coney Hall,0.411633875,E05013998
Kelsey & Eden Park,0.427284857,E05013999
Mottingham,0.54137931,E05014000
Orpington,0.4899549,E05014001
Penge & Cator,0.498465896,E05014002
Petts Wood & Knoll,0.401367623,E05014003
Plaistow,0.466577027,E05014004
Shortlands & Park Langley,0.38597508,E05014005
St Mary Cray,0.53828125,E05014006
St Paul's Cray,0.602930184,E05014007
West Wickham,0.426114426,E05014008
Belsize,0.399491525,E05013652
Bloomsbury,0.56169855,E05013653
Camden Square,0.551702593,E05013654
Camden Town,0.551404959,E05013655
Fortune Green,0.482153306,E05013656
Frognal,0.368469016,E05013657
Gospel Oak,0.576674277,E05013658
Hampstead Town,0.351134846,E05013659
Haverstock,0.580575256,E05013660
Highgate,0.487323312,E05013661
Holborn & Covent Garden,0.558917197,E05013662
Kentish Town North,0.484631453,E05013663
Kentish Town South,0.547165428,E05013664
Kilburn,0.648218484,E05013665
King's Cross,0.572212066,E05013666
Primrose Hill,0.476462197,E05013667
Regent's Park,0.610753121,E05013668
St Pancras & Somers Town,0.697138151,E05013669
South Hampstead,0.45377239,E05013670
West Hampstead,0.479053166,E05013671
Addiscombe East,0.50145955,E05011462
Addiscombe West,0.514830508,E05011463
Bensham Manor,0.560650888,E05011464
Broad Green,0.617784497,E05011465
Coulsdon Town,0.404757709,E05011466
Crystal Palace & Upper Norwood,0.475555556,E05011467
Fairfield,0.504049927,E05011468
Kenley,0.393738865,E05011469
New Addington North,0.69079125,E05011470
New Addington South,0.658316633,E05011471
Norbury & Pollards Hill,0.546423135,E05011472
Norbury Park,0.52433936,E05011473
Old Coulsdon,0.469323545,E05011474
Park Hill & Whitgift,0.441053512,E05011475
Purley & Woodcote,0.434206423,E05011476
Purley Oaks & Riddlesdown,0.422195122,E05011477
Sanderstead,0.422320217,E05011478
Selhurst,0.619508419,E05011479
Selsdon & Addington Village,0.485966736,E05011480
Selsdon Vale & Forestdale,0.476665046,E05011481
Shirley North,0.51591932,E05011482
Shirley South,0.506021009,E05011483
South Croydon,0.478365707,E05011484
South Norwood,0.563340807,E05011485
Thornton Heath,0.565637889,E05011486
Waddon,0.557066337,E05011487
West Thornton,0.61310717,E05011488
Woodside,0.526315789,E05011489
Central Greenford,0.550204082,E05013518
Dormers Wells,0.681393373,E05013519
Ealing Broadway,0.436249015,E05013520
Ealing Common,0.464555053,E05013521
East Acton,0.553651505,E05013522
Greenford Broadway,0.59625981,E05013523
Hanger Hill,0.454996243,E05013524
Hanwell Broadway,0.513175016,E05013525
Lady Margaret,0.624077588,E05013526
North Acton,0.539724811,E05013527
North Greenford,0.531907045,E05013528
North Hanwell,0.553848967,E05013529
Northfield,0.413481953,E05013530
Northolt Mandeville,0.592963998,E05013531
Northolt West End,0.652019214,E05013532
Norwood Green,0.623862696,E05013533
Perivale,0.555300353,E05013534
Pitshanger,0.497467927,E05013535
South Acton,0.526466186,E05013536
Southall Broadway,0.727113294,E05013537
Southall Green,0.744690465,E05013538
Southall West,0.732763228,E05013539
Southfield,0.360562204,E05013540
Walpole,0.443885009,E05013541
Arnos Grove,0.459042218,E05013672
Bowes,0.624079916,E05013673
Brimsdown,0.646985373,E05013674
Bullsmoor,0.652162914,E05013675
Bush Hill Park,0.492686836,E05013676
Carterhatch,0.691299166,E05013677
Cockfosters,0.477313975,E05013678
Edmonton Green,0.729343815,E05013679
Enfield Lock,0.631833048,E05013680
Grange Park,0.436594738,E05013681
Haselbury,0.664087685,E05013682
Highfield,0.562756598,E05013683
Jubilee,0.642315158,E05013684
Lower Edmonton,0.676592083,E05013685
New Southgate,0.539479796,E05013686
Oakwood,0.455742726,E05013687
Palmers Green,0.522466539,E05013688
Ponders End,0.669704379,E05013689
Ridgeway,0.47703624,E05013690
Southbury,0.545642796,E05013691
Southgate,0.48782138,E05013692
Town,0.46556525,E05013693
Upper Edmonton,0.692376044,E05013694
Whitewebbs,0.542917697,E05013695
Winchmore Hill,0.44569852,E05013696
Abbey Wood,0.608184308,E05014072
Blackheath Westcombe,0.422514404,E05014073
Charlton Hornfair,0.507788836,E05014074
Charlton Village & Riverside,0.580246914,E05014075
East Greenwich,0.414332655,E05014076
Eltham Page,0.612332287,E05014077
Eltham Park & Progress,0.47961165,E05014078
Eltham Town & Avery Hill,0.514567744,E05014079
Greenwich Creekside,0.386040766,E05014080
Greenwich Park,0.420264317,E05014081
Greenwich Peninsula,0.351490034,E05014082
Kidbrooke Park,0.538131313,E05014083
Kidbrooke Village & Sutcliffe,0.40615727,E05014084
Middle Park & Horn Park,0.61434218,E05014085
"Mottingham, Coldharbour & New Eltham",0.514648782,E05014086
Plumstead & Glyndon,0.627925532,E05014087
Plumstead Common,0.564797871,E05014088
Shooters Hill,0.539306847,E05014089
Thamesmead Moorings,0.617372421,E05014090
West Thamesmead,0.556546103,E05014091
Woolwich Arsenal,0.432629027,E05014092
Woolwich Common,0.591937474,E05014093
Woolwich Dockyard,0.635957066,E05014094
Brownswood,0.512851897,E05009367
Cazenove,0.607523754,E05009368
Clissold,0.479182019,E05009369
Dalston,0.449507389,E05009370
De Beauvoir,0.485098923,E05009371
Hackney Central,0.564191534,E05009372
Hackney Downs,0.570869808,E05009373
Hackney Wick,0.603970323,E05009374
Haggerston,0.538277512,E05009375
Homerton,0.603104638,E05009376
Hoxton East & Shoreditch,0.487809283,E05009377
Hoxton West,0.502856236,E05009378
King's Park,0.604997026,E05009379
Lea Bridge,0.563251914,E05009380
London Fields,0.529314159,E05009381
Shacklewell,0.555402805,E05009382
Springfield,0.676048248,E05009383
Stamford Hill West,0.605633803,E05009384
Stoke Newington,0.500707464,E05009385
Victoria,0.557836179,E05009386
Woodberry Down,0.566733467,E05009387
Addison,0.52293578,E05013733
Avonmore,0.503687517,E05013734
Brook Green,0.448039989,E05013735
College Park & Old Oak,0.618275418,E05013736
Coningham,0.542862961,E05013737
Fulham Reach,0.479433182,E05013738
Fulham Town,0.369040612,E05013739
Grove,0.439003187,E05013740
Hammersmith Broadway,0.524505589,E05013741
Lillie,0.504080352,E05013742
Munster,0.396459524,E05013743
Palace & Hurlingham,0.396080884,E05013744
Parsons Green & Sandford,0.34204793,E05013745
Ravenscourt,0.459755312,E05013746
Sands End,0.459576992,E05013747
Shepherd's Bush Green,0.618243243,E05013748
Walham Green,0.496425508,E05013749
Wendell Park,0.454861111,E05013750
West Kensington,0.537793223,E05013751
White City,0.590513069,E05013752
Wormholt,0.554192229,E05013753
Alexandra Park,0.410196308,E05013585
Bounds Green,0.569393269,E05013586
Bruce Castle,0.69465937,E05013587
Crouch End,0.432021171,E05013588
Fortis Green,0.415452186,E05013589
Harringay,0.569421758,E05013590
Hermitage & Gardens,0.615904206,E05013591
Highgate,0.389964789,E05013592
Hornsey,0.476906715,E05013593
Muswell Hill,0.423306514,E05013594
Noel Park,0.633839805,E05013595
Northumberland Park,0.712855638,E05013596
St Ann's,0.623133384,E05013597
Seven Sisters,0.666384659,E05013598
South Tottenham,0.643672014,E05013599
Stroud Green,0.471603452,E05013600
Tottenham Central,0.624340426,E05013601
Tottenham Hale,0.610061287,E05013602
West Green,0.61773913,E05013603
White Hart Lane,0.653501629,E05013604
Woodside,0.640652487,E05013605
Belmont,0.45069942,E05013542
Canons,0.494739918,E05013543
Centenary,0.490824674,E05013544
Edgware,0.581257656,E05013545
Greenhill,0.506031883,E05013546
Harrow on the Hill,0.486595852,E05013547
Harrow Weald,0.575608798,E05013548
Hatch End,0.444250871,E05013549
Headstone,0.470127887,E05013550
Kenton East,0.58427967,E05013551
Kenton West,0.49207989,E05013552
Marlborough,0.542114471,E05013553
North Harrow,0.461846154,E05013554
Pinner,0.437710438,E05013555
Pinner South,0.418833581,E05013556
Rayners Lane,0.475816993,E05013557
Roxbourne,0.582094082,E05013558
Roxeth,0.550697324,E05013559
Stanmore,0.51538162,E05013560
Wealdstone North,0.573682644,E05013561
Wealdstone South,0.604651163,E05013562
West Harrow,0.556965517,E05013563
Beam Park,0.567678847,E05013967
Cranham,0.47191448,E05013968
Elm Park,0.544198461,E05013969
Emerson Park,0.476007109,E05013970
Gooshays,0.62616677,E05013971
Hacton,0.48549323,E05013972
Harold Wood,0.476215552,E05013973
Havering-atte-Bower,0.562942963,E05013974
Heaton,0.648080991,E05013975
Hylands & Harrow Lodge,0.504215543,E05013976
Marshalls & Rise Park,0.492102066,E05013977
Mawneys,0.551573586,E05013978
Rainham & Wennington,0.568894952,E05013979
Rush Green & Crowlands,0.522820865,E05013980
St Alban's,0.508285628,E05013981
St Andrew's,0.52625457,E05013982
St Edward's,0.500435161,E05013983
South Hornchurch,0.561917098,E05013984
Squirrels Heath,0.460322429,E05013985
Upminster,0.432437657,E05013986
Belmore,0.615989,E05013564
Charville,0.574254814,E05013565
Colham & Cowley,0.596348272,E05013566
Eastcote,0.445429946,E05013567
Harefield Village,0.502786112,E05013568
Hayes Town,0.624528676,E05013569
Heathrow Villages,0.666597338,E05013570
Hillingdon East,0.519145803,E05013571
Hillingdon West,0.465873016,E05013572
Ickenham & South Harefield,0.41456117,E05013573
Northwood,0.446477392,E05013574
Northwood Hills,0.482272627,E05013575
Pinkwell,0.631794272,E05013576
Ruislip,0.454545455,E05013577
Ruislip Manor,0.453147525,E05013578
South Ruislip,0.481326465,E05013579
Uxbridge,0.531230769,E05013580
West Drayton,0.563360882,E05013581
Wood End,0.651309408,E05013582
Yeading,0.634707976,E05013583
Yiewsley,0.60636663,E05013584
Bedfont,0.623048327,E05013606
Brentford East,0.571623838,E05013607
Brentford West,0.491613968,E05013608
Chiswick Gunnersbury,0.425768363,E05013609
Chiswick Homefields,0.377808033,E05013610
Chiswick Riverside,0.390774994,E05013611
Cranford,0.674148297,E05013612
Feltham North,0.636233951,E05013613
Feltham West,0.58216045,E05013614
Hanworth Park,0.575741384,E05013615
Hanworth Village,0.619794389,E05013616
Heston Central,0.631153224,E05013617
Heston East,0.599233507,E05013618
Heston West,0.652173913,E05013619
Hounslow Central,0.61871894,E05013620
Hounslow East,0.59643436,E05013621
Hounslow Heath,0.648277197,E05013622
Hounslow South,0.510002062,E05013623
Hounslow West,0.672137874,E05013624
Isleworth,0.511939219,E05013625
Osterley & Spring Grove,0.472581874,E05013626
Syon & Brentford Lock,0.495765216,E05013627
Arsenal,0.462935199,E05013697
Barnsbury,0.457163171,E05013698
Bunhill,0.510433071,E05013699
Caledonian,0.584233041,E05013700
Canonbury,0.517699879,E05013701
Clerkenwell,0.494122416,E05013702
Finsbury Park,0.598795382,E05013703
Highbury,0.428196291,E05013704
Hillrise,0.554339328,E05013705
Holloway,0.560443764,E05013706
Junction,0.539480387,E05013707
Laycock,0.547875154,E05013708
Mildmay,0.517827936,E05013709
St Mary's & St James',0.456552962,E05013710
St Peter's & Canalside,0.475790243,E05013711
Tollington,0.535202191,E05013712
Tufnell Park,0.541274439,E05013713
Abingdon,0.415360904,E05009388
Brompton & Hans Town,0.411891633,E05009389
Campden,0.350588235,E05009390
Chelsea Riverside,0.559413999,E05009391
Colville,0.547673883,E05009392
Courtfield,0.396116505,E05009393
Dalgarno,0.664340801,E05009394
Earl's Court,0.509106492,E05009395
Golborne,0.662845232,E05009396
Holland,0.441439143,E05009397
Norland,0.402637704,E05009398
Notting Dale,0.673148641,E05009399
Pembridge,0.411698538,E05009400
Queen's Gate,0.361422172,E05009401
Redcliffe,0.400409277,E05009402
Royal Hospital,0.38992585,E05009403
St. Helen's,0.541339986,E05009404
Stanley,0.4368356,E05009405
Alexandra,0.405192397,E05013928
Berrylands,0.428942486,E05013929
Canbury Gardens,0.378824235,E05013930
Chessington South & Malden Rushett,0.477827342,E05013931
Coombe Hill,0.40134781,E05013932
Coombe Vale,0.413290972,E05013933
Green Lane & St James,0.502951096,E05013934
Hook & Chessington North,0.501614907,E05013935
King George's & Sunray,0.478219697,E05013936
Kingston Gate,0.4061115,E05013937
Kingston Town,0.455848359,E05013938
Motspur Park & Old Malden East,0.420508744,E05013939
New Malden Village,0.447009444,E05013940
Norbiton,0.53430303,E05013941
Old Malden,0.471751412,E05013942
St Mark's & Seething Wells,0.378190691,E05013943
Surbiton Hill,0.44274049,E05013944
Tolworth,0.457840058,E05013945
Tudor,0.384382108,E05013946
Brixton Acre Lane,0.466207103,E05014095
Brixton North,0.592864638,E05014096
Brixton Rush Common,0.512999675,E05014097
Brixton Windrush,0.521047708,E05014098
Clapham Common & Abbeville,0.359113417,E05014099
Clapham East,0.476035365,E05014100
Clapham Park,0.504182239,E05014101
Clapham Town,0.41010101,E05014102
Gipsy Hill,0.524726477,E05014103
Herne Hill & Loughborough Junction,0.493148576,E05014104
Kennington,0.533780761,E05014105
Knight's Hill,0.528382985,E05014106
Myatt's Fields,0.572309655,E05014107
Oval,0.538419219,E05014108
St Martin's,0.54137931,E05014109
Stockwell East,0.513195831,E05014110
Stockwell West & Larkhall,0.578939849,E05014111
Streatham Common & Vale,0.521270037,E05014112
Streatham Hill East,0.522541966,E05014113
Streatham Hill West & Thornton,0.39835226,E05014114
Streatham St Leonard's,0.503616637,E05014115
Streatham Wells,0.465988865,E05014116
Vauxhall,0.435149979,E05014117
Waterloo & South Bank,0.463547053,E05014118
West Dulwich,0.43121193,E05014119
Bellingham,0.638005159,E05013714
Blackheath,0.472774654,E05013715
Brockley,0.481658059,E05013716
Catford South,0.532026769,E05013717
Crofton Park,0.446600385,E05013718
Deptford,0.577282006,E05013719
Downham,0.618228352,E05013720
Evelyn,0.538692831,E05013721
Forest Hill,0.467487915,E05013722
Grove Park,0.533909149,E05013723
Hither Green,0.5439581,E05013724
Ladywell,0.513082113,E05013725
Lee Green,0.462703583,E05013726
Lewisham Central,0.471858134,E05013727
New Cross Gate,0.622323791,E05013728
Perry Vale,0.491853632,E05013729
Rushey Green,0.562071197,E05013730
Sydenham,0.536407433,E05013731
Telegraph Hill,0.550458716,E05013732
Abbey,0.397370849,E05013810
Cannon Hill,0.445783133,E05013811
Colliers Wood,0.445330535,E05013812
Cricket Green,0.602467443,E05013813
Figge's Marsh,0.609081684,E05013814
Graveney,0.512851309,E05013815
Hillside,0.360803502,E05013816
Lavender Fields,0.540050493,E05013817
Longthornton,0.506611166,E05013818
Lower Morden,0.472823473,E05013819
Merton Park,0.419523343,E05013820
Pollards Hill,0.587305569,E05013821
Ravensbury,0.573469388,E05013822
Raynes Park,0.387927645,E05013823
St Helier,0.572389733,E05013824
Village,0.328840394,E05013825
Wandle,0.429770157,E05013826
West Barnes,0.401093181,E05013827
Wimbledon Park,0.352075919,E05013828
Wimbledon Town & Dundonald,0.32754491,E05013829
Beckton,0.612044554,E05013904
Boleyn,0.640758092,E05013905
Canning Town North,0.612266112,E05013906
Canning Town South,0.523176428,E05013907
Custom House,0.623430962,E05013908
East Ham,0.688982852,E05013909
East Ham South,0.661387632,E05013910
Forest Gate North,0.576574173,E05013911
Forest Gate South,0.647584034,E05013912
Green Street East,0.699177707,E05013913
Green Street West,0.695329341,E05013914
Little Ilford,0.703703704,E05013915
Manor Park,0.675762098,E05013916
Maryland,0.615766739,E05013917
Plaistow North,0.681481481,E05013918
Plaistow South,0.638431191,E05013919
Plaistow West & Canning Town East,0.680593452,E05013920
Plashet,0.695519348,E05013921
Royal Albert,0.550829876,E05013922
Royal Victoria,0.344699778,E05013923
Stratford,0.474611095,E05013924
Stratford Olympic Park,0.312707917,E05013925
Wall End,0.668327556,E05013926
West Ham,0.645802099,E05013927
Aldborough,0.529095257,E05011234
Barkingside,0.526478467,E05011235
Bridge,0.483895559,E05011236
Chadwell,0.543930742,E05011237
Churchfields,0.466569532,E05011238
Clayhall,0.524663677,E05011239
Clementswood,0.638314785,E05011240
Cranbrook,0.557987421,E05011241
Fairlop,0.513672617,E05011242
Fullwell,0.553760446,E05011243
Goodmayes,0.608751334,E05011244
Hainault,0.576126675,E05011245
Ilford Town,0.624535316,E05011246
Loxford,0.649845064,E05011247
Mayfield,0.569850403,E05011248
Monkhams,0.420728441,E05011249
Newbury,0.572631579,E05011250
Seven Kings,0.591372209,E05011251
South Woodford,0.42600718,E05011252
Valentines,0.604559585,E05011253
Wanstead Park,0.452689566,E05011254
Wanstead Village,0.426612761,E05011255
Barnes,0.371990741,E05013774
East Sheen,0.332361516,E05013775
Fulwell & Hampton Hill,0.373735102,E05013776
"Ham, Petersham & Richmond Riverside",0.432475518,E05013777
Hampton,0.396039604,E05013778
Hampton North,0.502252786,E05013779
Hampton Wick & South Teddington,0.398749191,E05013780
Heathfield,0.540266667,E05013781
Kew,0.344682556,E05013782
Mortlake & Barnes Common,0.378115265,E05013783
North Richmond,0.38111662,E05013784
St Margarets & North Twickenham,0.325170358,E05013785
South Richmond,0.353291039,E05013786
South Twickenham,0.352430148,E05013787
Teddington,0.362807464,E05013788
Twickenham Riverside,0.360915847,E05013789
West Twickenham,0.401796266,E05013790
Whitton,0.459781529,E05013791
Borough & Bankside,0.443502825,E05011095
Camberwell Green,0.578695392,E05011096
Champion Hill,0.484771574,E05011097
Chaucer,0.521578694,E05011098
Dulwich Hill,0.423292559,E05011099
Dulwich Village,0.34965035,E05011100
Dulwich Wood,0.463403042,E05011101
Faraday,0.622700669,E05011102
Goose Green,0.396204232,E05011103
London Bridge & West Bermondsey,0.439943938,E05011104
Newington,0.601067378,E05011105
North Bermondsey,0.488818332,E05011106
North Walworth,0.511368451,E05011107
Nunhead & Queen's Road,0.577654635,E05011108
Old Kent Road,0.640276817,E05011109
Peckham,0.621233114,E05011110
Peckham Rye,0.464019851,E05011111
Rotherhithe,0.505861665,E05011112
Rye Lane,0.519740049,E05011113
St George's,0.466857143,E05011114
St Giles,0.531075997,E05011115
South Bermondsey,0.588568935,E05011116
Surrey Docks,0.406654344,E05011117
Beddington,0.480475382,E05013754
Belmont,0.439611486,E05013755
Carshalton Central,0.431410256,E05013756
Carshalton South & Clockhouse,0.431780822,E05013757
Cheam,0.426549536,E05013758
Hackbridge,0.444677138,E05013759
North Cheam,0.454817199,E05013760
St Helier East,0.624959794,E05013761
St Helier West,0.631377838,E05013762
South Beddington & Roundshaw,0.557401438,E05013763
Stonecot,0.490505195,E05013764
Sutton Central,0.539703398,E05013765
Sutton North,0.497412982,E05013766
Sutton South,0.487280545,E05013767
Sutton West & East Cheam,0.462915601,E05013768
The Wrythe,0.50216763,E05013769
Wallington North,0.494773519,E05013770
Wallington South,0.528438031,E05013771
Worcester Park North,0.443494777,E05013772
Worcester Park South,0.424231332,E05013773
Bethnal Green,0.606784261,E05009317
Blackwall & Cubitt Town,0.443882814,E05009318
Bow East,0.497686558,E05009319
Bow West,0.547916667,E05009320
Bromley North,0.596471387,E05009321
Bromley South,0.574820004,E05009322
Canary Wharf,0.417850851,E05009323
Island Gardens,0.493804421,E05009324
Lansbury,0.600557547,E05009325
Limehouse,0.424040067,E05009326
Mile End,0.57079252,E05009327
Poplar,0.615929204,E05009328
St Dunstan's,0.618449545,E05009329
St Katharine's & Wapping,0.392001379,E05009330
St Peter's,0.571885836,E05009331
Shadwell,0.657390511,E05009332
Spitalfields & Banglatown,0.538891105,E05009333
Stepney Green,0.675154852,E05009334
Weavers,0.544401544,E05009335
Whitechapel,0.502169197,E05009336
Cann Hall,0.612688713,E05013882
Cathall,0.615664845,E05013883
Chapel End,0.498506868,E05013884
Chingford Green,0.510340506,E05013885
Endlebury,0.534467586,E05013886
Forest,0.593626924,E05013887
Grove Green,0.504907306,E05013888
Hale End & Highams Park South,0.483001172,E05013889
Hatch Lane & Highams Park North,0.531643082,E05013890
High Street,0.531445031,E05013891
Higham Hill,0.586101488,E05013892
Hoe Street,0.561455952,E05013893
Larkswood,0.554522066,E05013894
Lea Bridge,0.576383764,E05013895
Leyton,0.598101266,E05013896
Leytonstone,0.508645533,E05013897
Markhouse,0.571306087,E05013898
St James,0.475436793,E05013899
Upper Walthamstow,0.537695118,E05013900
Valley,0.566817556,E05013901
William Morris,0.517559739,E05013902
Wood Street,0.550435516,E05013903
Balham,0.357628501,E05014009
Battersea Park,0.475228704,E05014010
East Putney,0.376859287,E05014011
Falconbrook,0.55019685,E05014012
Furzedown,0.516032811,E05014013
Lavender,0.328221979,E05014014
Nine Elms,0.312762973,E05014015
Northcote,0.29022869,E05014016
Roehampton,0.600292826,E05014017
St Mary's,0.363688927,E05014018
Shaftesbury & Queenstown,0.478379937,E05014019
South Balham,0.407407407,E05014020
Southfields,0.330605883,E05014021
Thamesfield,0.312929849,E05014022
Tooting Bec,0.440560494,E05014023
Tooting Broadway,0.481244672,E05014024
Trinity,0.369845898,E05014025
Wandle,0.403696281,E05014026
Wandsworth Common,0.351430329,E05014027
Wandsworth Town,0.376852077,E05014028
West Hill,0.482789992,E05014029
West Putney,0.439275766,E05014030
Abbey Road,0.435004949,E05013792
Bayswater,0.459993468,E05013793
Church Street,0.728910369,E05013794
Harrow Road,0.580310881,E05013795
Hyde Park,0.471987887,E05013796
Knightsbridge & Belgravia,0.37747154,E05013797
Lancaster Gate,0.48680248,E05013798
Little Venice,0.481440072,E05013799
Maida Vale,0.498194946,E05013800
Marylebone,0.373735777,E05013801
Pimlico North,0.480046048,E05013802
Pimlico South,0.576349718,E05013803
Queen's Park,0.643403254,E05013804
Regent's Park,0.422920713,E05013805
St James's,0.434513446,E05013806
Vincent Square,0.50706406,E05013807
West End,0.463133641,E05013808
Westbourne,0.653008963,E05013809
